{
    "splash": {
        "splash_bg": "splash/splash_bg.webp"
    },
    "login": {
        "login_bg": "login/loging_bg.webp",
        "logo_name": "login/logo_name.webp",
        "more_login_color": "0xFFFFFFFF",
        "agreement_non_highlight_color": "0xff333333",
        "agreement_highlight_color": "0xff14C9BA"
    },
    "home": {
        "home_top_bg": "home/home_top_bg.webp",
        "home_tab_style": "1",
        "lang_bg_selected_color": "0xFF2EE6D5",
        "lang_bg_unselected_color": "0xFFDDFFFF",
        "lang_text_selected_color": "0xFFFFFFFF",
        "lang_text_unselected_color": "0xFF6C959B",
        "lang_border_unselected_color": "0xFFFFFFFF",
        "go_live": "home/go_live.webp"
    },
    "main": {
        "bottom_nav_bg": "main/bottom_nav_bg.webp",
        "main_live_selected": "main/main_live_selected.webp",
        "main_live_unselected": "main/main_live_unselected.webp",
        "main_msg_selected": "main/main_msg_selected.webp",
        "main_msg_unselected": "main/main_msg_unselected.webp",
        "main_my_selected": "main/main_my_selected.webp",
        "main_my_unselected": "main/main_my_unselected.webp"
    }
}